{"cameraMode":{"drawMode":0,"name":"Shaded","section":"Shading Mode"},"sceneLighting":true,"audioPlay":false,"sceneViewState":{"showFog":true,"showMaterialUpdate":false,"showSkybox":true,"showFlares":true,"showImageEffects":true,"showParticleSystems":true,"showVisualEffectGraphs":true,"m_FxEnabled":true},"in2DMode":false,"pivot":{"x":-0.8386675119400024,"y":-0.9964684844017029,"z":5.03331184387207},"rotation":{"x":-0.24005725979804994,"y":0.001946865115314722,"z":-0.0005502072162926197,"w":-0.970820963382721},"size":6.702733516693115,"orthographic":false}