{"cameraMode":{"drawMode":0,"name":"Shaded","section":"Shading Mode"},"sceneLighting":true,"audioPlay":false,"sceneViewState":{"showFog":true,"showMaterialUpdate":false,"showSkybox":true,"showFlares":true,"showImageEffects":true,"showParticleSystems":true,"showVisualEffectGraphs":true,"m_FxEnabled":true},"in2DMode":false,"pivot":{"x":0.9648934006690979,"y":1.964040994644165,"z":-0.5310055613517761},"rotation":{"x":-0.007724974770098925,"y":0.9666416049003601,"z":-0.2544693052768707,"w":-0.029340380802750589},"size":1.3598945140838624,"orthographic":false}