{"cameraMode":{"drawMode":0,"name":"Shaded","section":"Shading Mode"},"sceneLighting":false,"audioPlay":false,"sceneViewState":{"showFog":true,"showMaterialUpdate":false,"showSkybox":false,"showFlares":true,"showImageEffects":true,"showParticleSystems":true,"showVisualEffectGraphs":true,"m_FxEnabled":true},"in2DMode":false,"pivot":{"x":-0.6770918369293213,"y":0.15481328964233399,"z":1.1278619766235352},"rotation":{"x":-0.17527298629283906,"y":0.14070798456668855,"z":-0.03847719728946686,"w":-0.9752078652381897},"size":1.9188307523727418,"orthographic":false}